geography_type,geography_code,geography_name,state,remoteness,parent_geography_codes,latitude,longitude,area_sqkm,population,geography_vintage,reliability_flag
ndia_service_area,ACT,ACT,,Inner Regional Australia,,-35.53418583330262,149.04523961287657,2358.133,484630.0,NDIA Service Area assembled from LGA 2021 context; population 2025 ERP,derived_from_local_curated_source
ndia_service_area,ALL,ALL,,National,,,,,27411454.0,NDIA Service Area assembled from LGA 2021 context; population 2025 ERP,derived_from_local_curated_source
ndia_service_area,Adelaide Hills,Adelaide Hills,,Inner Regional Australia,,-34.95136012623625,138.864884191798,1389.1363,87986.0,NDIA Service Area assembled from LGA 2021 context; population 2025 ERP,derived_from_local_curated_source
ndia_service_area,Barkly,Barkly,,Very Remote Australia,,-19.93071698286517,134.99322318686964,322710.4145,7448.0,NDIA Service Area assembled from LGA 2021 context; population 2025 ERP,derived_from_local_curated_source
ndia_service_area,"Barossa, Light and Lower North","Barossa, Light and Lower North",,Inner Regional Australia,,-34.5211329255674,138.81420684742332,3144.0169,83434.0,NDIA Service Area assembled from LGA 2021 context; population 2025 ERP,derived_from_local_curated_source
ndia_service_area,Barwon,Barwon,,Inner Regional Australia,,-38.26449686751889,143.9998715439878,6247.0178,360843.0,NDIA Service Area assembled from LGA 2021 context; population 2025 ERP,derived_from_local_curated_source
ndia_service_area,Bayside Peninsula,Bayside Peninsula,,Major Cities of Australia,,-38.21195519552133,145.02844470077784,1067.1247,985059.0,NDIA Service Area assembled from LGA 2021 context; population 2025 ERP,derived_from_local_curated_source
ndia_service_area,Beenleigh,Beenleigh,,Major Cities of Australia,,-27.66589835369423,153.2324334407004,1495.3005,576346.0,NDIA Service Area assembled from LGA 2021 context; population 2025 ERP,derived_from_local_curated_source
ndia_service_area,Brimbank Melton,Brimbank Melton,,Major Cities of Australia,,-37.688397416803525,144.68589713687507,650.9364999999999,429748.0,NDIA Service Area assembled from LGA 2021 context; population 2025 ERP,derived_from_local_curated_source
ndia_service_area,Brisbane,Brisbane,,Major Cities of Australia,,-27.42628060191491,153.0470231710074,1342.7173,1375301.0,NDIA Service Area assembled from LGA 2021 context; population 2025 ERP,derived_from_local_curated_source
ndia_service_area,Bundaberg,Bundaberg,,Inner Regional Australia,,-24.932775861671544,151.88785259238998,6431.0889,107297.0,NDIA Service Area assembled from LGA 2021 context; population 2025 ERP,derived_from_local_curated_source
ndia_service_area,Caboolture/Strathpine,Caboolture/Strathpine,,Inner Regional Australia,,-27.099488016321242,152.8931561620824,2041.4737,532445.0,NDIA Service Area assembled from LGA 2021 context; population 2025 ERP,derived_from_local_curated_source
ndia_service_area,Cairns,Cairns,,Very Remote Australia,,-14.129683055973052,143.60647963442904,272215.5409,305342.0,NDIA Service Area assembled from LGA 2021 context; population 2025 ERP,derived_from_local_curated_source
ndia_service_area,Central Australia,Central Australia,,Very Remote Australia,,-22.966012845309116,133.92388313412985,550004.7633,42023.0,NDIA Service Area assembled from LGA 2021 context; population 2025 ERP,derived_from_local_curated_source
ndia_service_area,Central Coast,Central Coast,,Inner Regional Australia,,-33.34782417247295,151.3340573467695,1681.0059,357816.0,NDIA Service Area assembled from LGA 2021 context; population 2025 ERP,derived_from_local_curated_source
ndia_service_area,Central Highlands,Central Highlands,,Inner Regional Australia,,-37.58412358705839,143.60269377476854,14671.6426,226453.0,NDIA Service Area assembled from LGA 2021 context; population 2025 ERP,derived_from_local_curated_source
ndia_service_area,Central North Metro,Central North Metro,,Major Cities of Australia,,-31.94222423179996,115.81323038343535,191.2832,445921.0,NDIA Service Area assembled from LGA 2021 context; population 2025 ERP,derived_from_local_curated_source
ndia_service_area,Central South Metro,Central South Metro,,Major Cities of Australia,,-32.07270418856322,115.75071479602047,383.0433,407579.0,NDIA Service Area assembled from LGA 2021 context; population 2025 ERP,derived_from_local_curated_source
ndia_service_area,Darwin Remote,Darwin Remote,,Very Remote Australia,,-13.144958585293729,132.7757061050358,409728.7251,24823.0,NDIA Service Area assembled from LGA 2021 context; population 2025 ERP,derived_from_local_curated_source
ndia_service_area,Darwin Urban,Darwin Urban,,Outer Regional Australia,,-12.608738064808518,131.08290988444213,5170.3793000000005,160196.0,NDIA Service Area assembled from LGA 2021 context; population 2025 ERP,derived_from_local_curated_source
ndia_service_area,East Arnhem,East Arnhem,,Very Remote Australia,,-12.625395205431428,136.27640888902798,33309.9334,,NDIA Service Area assembled from LGA 2021 context; population 2025 ERP,derived_from_local_curated_source
ndia_service_area,Eastern Adelaide,Eastern Adelaide,,Major Cities of Australia,,-34.90717687497364,138.65896339009217,108.1355,250964.0,NDIA Service Area assembled from LGA 2021 context; population 2025 ERP,derived_from_local_curated_source
ndia_service_area,Eyre and Western,Eyre and Western,,Very Remote Australia,,-33.4355148780981,135.0923312728278,151190.42210000005,58597.0,NDIA Service Area assembled from LGA 2021 context; population 2025 ERP,derived_from_local_curated_source
ndia_service_area,Far North (SA),Far North (SA),,Very Remote Australia,,-31.070516039843838,136.6423782605507,107764.7475,24414.0,NDIA Service Area assembled from LGA 2021 context; population 2025 ERP,derived_from_local_curated_source
ndia_service_area,Far West,Far West,,Remote Australia,,-33.63776769456271,143.00165994261448,101608.9914,29514.0,NDIA Service Area assembled from LGA 2021 context; population 2025 ERP,derived_from_local_curated_source
ndia_service_area,Fleurieu and Kangaroo Island,Fleurieu and Kangaroo Island,,Inner Regional Australia,,-35.700230392311525,137.75312042915118,7363.5529,60395.0,NDIA Service Area assembled from LGA 2021 context; population 2025 ERP,derived_from_local_curated_source
ndia_service_area,Goldfields-Esperance,Goldfields-Esperance,,Very Remote Australia,,-33.16060193885657,123.24875537804891,769164.0669,58079.0,NDIA Service Area assembled from LGA 2021 context; population 2025 ERP,derived_from_local_curated_source
ndia_service_area,Goulburn,Goulburn,,Inner Regional Australia,,-36.62285076929799,145.44770238266696,16512.9203,186677.0,NDIA Service Area assembled from LGA 2021 context; population 2025 ERP,derived_from_local_curated_source
ndia_service_area,Great Southern,Great Southern,,Outer Regional Australia,,-34.535408015234765,117.88743732021916,38909.5134,67150.0,NDIA Service Area assembled from LGA 2021 context; population 2025 ERP,derived_from_local_curated_source
ndia_service_area,Hume Moreland,Hume Moreland,,Major Cities of Australia,,-37.61924804859214,144.86044741668724,554.8009999999999,278885.0,NDIA Service Area assembled from LGA 2021 context; population 2025 ERP,derived_from_local_curated_source
ndia_service_area,Hunter New England,Hunter New England,,Outer Regional Australia,,-30.699465867328882,151.1677713321163,132385.0295,1013517.0,NDIA Service Area assembled from LGA 2021 context; population 2025 ERP,derived_from_local_curated_source
ndia_service_area,Illawarra Shoalhaven,Illawarra Shoalhaven,,Inner Regional Australia,,-34.948390865078125,150.50515560472743,5656.5933,442449.0,NDIA Service Area assembled from LGA 2021 context; population 2025 ERP,derived_from_local_curated_source
ndia_service_area,Inner East Melbourne,Inner East Melbourne,,Major Cities of Australia,,-37.79254283505646,145.15386320031078,319.2885,708602.0,NDIA Service Area assembled from LGA 2021 context; population 2025 ERP,derived_from_local_curated_source
ndia_service_area,Inner Gippsland,Inner Gippsland,,Inner Regional Australia,,-38.40477918939036,146.08859949964005,9615.3818,217382.0,NDIA Service Area assembled from LGA 2021 context; population 2025 ERP,derived_from_local_curated_source
ndia_service_area,Ipswich,Ipswich,,Inner Regional Australia,,-27.46577278674647,152.53591556995966,12979.2965,388213.0,NDIA Service Area assembled from LGA 2021 context; population 2025 ERP,derived_from_local_curated_source
ndia_service_area,Katherine,Katherine,,Remote Australia,,-14.43503819745967,132.02100072611853,7416.644399999999,11282.0,NDIA Service Area assembled from LGA 2021 context; population 2025 ERP,derived_from_local_curated_source
ndia_service_area,Kimberley-Pilbara,Kimberley-Pilbara,,Very Remote Australia,,-16.611476506447506,123.2747890653189,926013.4426,102732.0,NDIA Service Area assembled from LGA 2021 context; population 2025 ERP,derived_from_local_curated_source
ndia_service_area,Limestone Coast,Limestone Coast,,Outer Regional Australia,,-37.28002179850873,140.21510627090234,21336.388,69717.0,NDIA Service Area assembled from LGA 2021 context; population 2025 ERP,derived_from_local_curated_source
ndia_service_area,Loddon,Loddon,,Inner Regional Australia,,-36.66746303851541,144.33548572536733,19026.176,261396.0,NDIA Service Area assembled from LGA 2021 context; population 2025 ERP,derived_from_local_curated_source
ndia_service_area,Mackay,Mackay,,Remote Australia,,-21.211884132318975,148.68225495784304,90140.1884,193813.0,NDIA Service Area assembled from LGA 2021 context; population 2025 ERP,derived_from_local_curated_source
ndia_service_area,Mallee,Mallee,,Outer Regional Australia,,-34.93475132876206,142.7842640806927,39933.302800000005,94469.0,NDIA Service Area assembled from LGA 2021 context; population 2025 ERP,derived_from_local_curated_source
ndia_service_area,Maroochydore,Maroochydore,,Inner Regional Australia,,-26.270517385459772,152.55662212506823,10007.696,499995.0,NDIA Service Area assembled from LGA 2021 context; population 2025 ERP,derived_from_local_curated_source
ndia_service_area,Maryborough,Maryborough,,Outer Regional Australia,,-25.610140015698075,152.00216694648674,35187.6055,169886.0,NDIA Service Area assembled from LGA 2021 context; population 2025 ERP,derived_from_local_curated_source
ndia_service_area,Mid North Coast,Mid North Coast,,Outer Regional Australia,,-30.84588082807877,152.64899482330816,11323.5823,241076.0,NDIA Service Area assembled from LGA 2021 context; population 2025 ERP,derived_from_local_curated_source
ndia_service_area,Midwest-Gascoyne,Midwest-Gascoyne,,Very Remote Australia,,-25.808281109651418,114.27708360195537,601869.0925,70223.0,NDIA Service Area assembled from LGA 2021 context; population 2025 ERP,derived_from_local_curated_source
ndia_service_area,Murray and Mallee,Murray and Mallee,,Outer Regional Australia,,-34.804252351299695,139.77767737298436,36211.3271,74882.0,NDIA Service Area assembled from LGA 2021 context; population 2025 ERP,derived_from_local_curated_source
ndia_service_area,Murrumbidgee,Murrumbidgee,,Outer Regional Australia,,-35.28024020611157,146.41656098452248,122238.3305,311023.0,NDIA Service Area assembled from LGA 2021 context; population 2025 ERP,derived_from_local_curated_source
ndia_service_area,NO usual address / Offshore (NT),NO usual address / Offshore (NT),,Migratory - Offshore - Shipping (NT),,,,0.0,,NDIA Service Area assembled from LGA 2021 context; population 2025 ERP,derived_from_local_curated_source
ndia_service_area,NO usual address / Offshore (TAS),NO usual address / Offshore (TAS),,Migratory - Offshore - Shipping (Tas.),,,,0.0,,NDIA Service Area assembled from LGA 2021 context; population 2025 ERP,derived_from_local_curated_source
ndia_service_area,Nepean Blue Mountains,Nepean Blue Mountains,,Inner Regional Australia,,-33.37508728008651,150.427251757885,9123.2402,400929.0,NDIA Service Area assembled from LGA 2021 context; population 2025 ERP,derived_from_local_curated_source
ndia_service_area,No usual address / Offshore (NSW),No usual address / Offshore (NSW),,Migratory - Offshore - Shipping (NSW),,,,0.0,,NDIA Service Area assembled from LGA 2021 context; population 2025 ERP,derived_from_local_curated_source
ndia_service_area,No usual address / Offshore (Qld),No usual address / Offshore (Qld),,Migratory - Offshore - Shipping (Qld),,,,0.0,,NDIA Service Area assembled from LGA 2021 context; population 2025 ERP,derived_from_local_curated_source
ndia_service_area,No usual address / Offshore (SA),No usual address / Offshore (SA),,Migratory - Offshore - Shipping (SA),,,,0.0,,NDIA Service Area assembled from LGA 2021 context; population 2025 ERP,derived_from_local_curated_source
ndia_service_area,No usual address / Offshore (TAS),No usual address / Offshore (TAS),,Migratory - Offshore - Shipping (Vic.),,,,0.0,,NDIA Service Area assembled from LGA 2021 context; population 2025 ERP,derived_from_local_curated_source
ndia_service_area,No usual address / Offshore (WA),No usual address / Offshore (WA),,Migratory - Offshore - Shipping (WA),,,,0.0,,NDIA Service Area assembled from LGA 2021 context; population 2025 ERP,derived_from_local_curated_source
ndia_service_area,North East Melbourne,North East Melbourne,,Major Cities of Australia,,-37.640044936486966,145.12789780757151,1057.5846,720178.0,NDIA Service Area assembled from LGA 2021 context; population 2025 ERP,derived_from_local_curated_source
ndia_service_area,North East Metro,North East Metro,,Inner Regional Australia,,-31.869445614675634,116.08893287677708,2055.4524,390470.0,NDIA Service Area assembled from LGA 2021 context; population 2025 ERP,derived_from_local_curated_source
ndia_service_area,North Metro,North Metro,,Inner Regional Australia,,-31.655382940902133,115.72296112968485,782.2022,422742.0,NDIA Service Area assembled from LGA 2021 context; population 2025 ERP,derived_from_local_curated_source
ndia_service_area,North Sydney,North Sydney,,Major Cities of Australia,,-33.64164665522464,151.18430145682285,892.8913,939051.0,NDIA Service Area assembled from LGA 2021 context; population 2025 ERP,derived_from_local_curated_source
ndia_service_area,Northern Adelaide,Northern Adelaide,,Major Cities of Australia,,-34.747244673742145,138.63356011447271,692.0167,514951.0,NDIA Service Area assembled from LGA 2021 context; population 2025 ERP,derived_from_local_curated_source
ndia_service_area,Northern NSW,Northern NSW,,Inner Regional Australia,,-29.217193113895846,152.8139392520576,20706.4995,322698.0,NDIA Service Area assembled from LGA 2021 context; population 2025 ERP,derived_from_local_curated_source
ndia_service_area,Other Territories,Other Territories,,Inner Regional Australia,,,,105.8806,2498.0,NDIA Service Area assembled from LGA 2021 context; population 2025 ERP,derived_from_local_curated_source
ndia_service_area,Outer East Melbourne,Outer East Melbourne,,Major Cities of Australia,,-37.74103072704172,145.68284056356708,2643.5263,444973.0,NDIA Service Area assembled from LGA 2021 context; population 2025 ERP,derived_from_local_curated_source
ndia_service_area,Outer Gippsland,Outer Gippsland,,Outer Regional Australia,,-38.02088724065576,147.2358408468864,31756.9247,96220.0,NDIA Service Area assembled from LGA 2021 context; population 2025 ERP,derived_from_local_curated_source
ndia_service_area,Ovens Murray,Ovens Murray,,Inner Regional Australia,,-36.550223600723086,146.91191175872987,23778.4055,137518.0,NDIA Service Area assembled from LGA 2021 context; population 2025 ERP,derived_from_local_curated_source
ndia_service_area,Robina,Robina,,Major Cities of Australia,,-27.920606733115953,153.34697713717605,1333.386,691230.0,NDIA Service Area assembled from LGA 2021 context; population 2025 ERP,derived_from_local_curated_source
ndia_service_area,Rockhampton,Rockhampton,,Very Remote Australia,,-23.731959303835733,148.9465911243957,452446.2034,254611.0,NDIA Service Area assembled from LGA 2021 context; population 2025 ERP,derived_from_local_curated_source
ndia_service_area,South East Metro,South East Metro,,Major Cities of Australia,,-32.02006297987152,115.94712957116519,249.9409,345057.0,NDIA Service Area assembled from LGA 2021 context; population 2025 ERP,derived_from_local_curated_source
ndia_service_area,South Eastern Sydney,South Eastern Sydney,,Major Cities of Australia,,-34.002809824481176,151.1362508420916,480.4785,868063.0,NDIA Service Area assembled from LGA 2021 context; population 2025 ERP,derived_from_local_curated_source
ndia_service_area,South Metro,South Metro,,Inner Regional Australia,,-32.50509054025396,115.83930912851606,3596.5947,441742.0,NDIA Service Area assembled from LGA 2021 context; population 2025 ERP,derived_from_local_curated_source
ndia_service_area,South West,South West,,Inner Regional Australia,,-34.06684669690255,116.0058843202802,24802.4119,210962.0,NDIA Service Area assembled from LGA 2021 context; population 2025 ERP,derived_from_local_curated_source
ndia_service_area,South Western Sydney,South Western Sydney,,Major Cities of Australia,,-34.221760152250276,150.42630859328597,6275.1998,1318283.0,NDIA Service Area assembled from LGA 2021 context; population 2025 ERP,derived_from_local_curated_source
ndia_service_area,Southern Adelaide,Southern Adelaide,,Major Cities of Australia,,-35.157469692503184,138.56401033822587,663.0649,397006.0,NDIA Service Area assembled from LGA 2021 context; population 2025 ERP,derived_from_local_curated_source
ndia_service_area,Southern Melbourne,Southern Melbourne,,Major Cities of Australia,,-38.06698588249639,145.52282029297507,1821.5424,717085.0,NDIA Service Area assembled from LGA 2021 context; population 2025 ERP,derived_from_local_curated_source
ndia_service_area,Southern NSW,Southern NSW,,Inner Regional Australia,,-35.30775460442881,149.4498168762696,44532.961,228673.0,NDIA Service Area assembled from LGA 2021 context; population 2025 ERP,derived_from_local_curated_source
ndia_service_area,Sydney,Sydney,,Major Cities of Australia,,-33.87042535473243,151.14513084252238,102.9406,621058.0,NDIA Service Area assembled from LGA 2021 context; population 2025 ERP,derived_from_local_curated_source
ndia_service_area,TAS North,TAS North,,Outer Regional Australia,,-40.77670756628079,147.64863883028048,19975.336,156393.0,NDIA Service Area assembled from LGA 2021 context; population 2025 ERP,derived_from_local_curated_source
ndia_service_area,TAS North West,TAS North West,,Outer Regional Australia,,-41.51102640865354,145.30768073384277,22524.7897,120091.0,NDIA Service Area assembled from LGA 2021 context; population 2025 ERP,derived_from_local_curated_source
ndia_service_area,TAS South East,TAS South East,,Remote Australia,,-42.60901462377421,147.5619571154449,19090.8905,131947.0,NDIA Service Area assembled from LGA 2021 context; population 2025 ERP,derived_from_local_curated_source
ndia_service_area,TAS South West,TAS South West,,Inner Regional Australia,,-43.28769893824031,146.81566315748185,6426.5231,167830.0,NDIA Service Area assembled from LGA 2021 context; population 2025 ERP,derived_from_local_curated_source
ndia_service_area,Toowoomba,Toowoomba,,Very Remote Australia,,-27.050931310992535,149.16622493424086,396526.6343,294745.0,NDIA Service Area assembled from LGA 2021 context; population 2025 ERP,derived_from_local_curated_source
ndia_service_area,Townsville,Townsville,,Very Remote Australia,,-18.44784548453703,142.95670479538884,448024.0894,280540.0,NDIA Service Area assembled from LGA 2021 context; population 2025 ERP,derived_from_local_curated_source
ndia_service_area,Unincorporated NSW,Unincorporated NSW,,Remote Australia,,,,93208.9194,975.0,NDIA Service Area assembled from LGA 2021 context; population 2025 ERP,derived_from_local_curated_source
ndia_service_area,Unincorporated NT,Unincorporated NT,,Remote Australia,,,,19792.8884,8207.0,NDIA Service Area assembled from LGA 2021 context; population 2025 ERP,derived_from_local_curated_source
ndia_service_area,Unincorporated SA,Unincorporated SA,,Very Remote Australia,,,,619426.0858,3001.0,NDIA Service Area assembled from LGA 2021 context; population 2025 ERP,derived_from_local_curated_source
ndia_service_area,Unincorporated Vic,Unincorporated Vic,,Outer Regional Australia,,,,283.1903,917.0,NDIA Service Area assembled from LGA 2021 context; population 2025 ERP,derived_from_local_curated_source
ndia_service_area,Western Adelaide,Western Adelaide,,Major Cities of Australia,,-34.90651569195741,138.53312150429795,91.8762,197388.0,NDIA Service Area assembled from LGA 2021 context; population 2025 ERP,derived_from_local_curated_source
ndia_service_area,Western District,Western District,,Outer Regional Australia,,-37.6078857547675,142.78371455685752,56838.23790000001,153831.0,NDIA Service Area assembled from LGA 2021 context; population 2025 ERP,derived_from_local_curated_source
ndia_service_area,Western Melbourne,Western Melbourne,,Major Cities of Australia,,-37.868013156502634,144.73914780596263,718.2442,864515.0,NDIA Service Area assembled from LGA 2021 context; population 2025 ERP,derived_from_local_curated_source
ndia_service_area,Western NSW,Western NSW,,Outer Regional Australia,,-32.17635844382854,148.34054491476235,249799.4106,289419.0,NDIA Service Area assembled from LGA 2021 context; population 2025 ERP,derived_from_local_curated_source
ndia_service_area,Western Sydney,Western Sydney,,Major Cities of Australia,,-33.62984196847731,150.94136436284327,781.5853,1207980.0,NDIA Service Area assembled from LGA 2021 context; population 2025 ERP,derived_from_local_curated_source
ndia_service_area,Wheat Belt,Wheat Belt,,Outer Regional Australia,,-31.760197909864512,116.78888849533436,158615.4385,81725.0,NDIA Service Area assembled from LGA 2021 context; population 2025 ERP,derived_from_local_curated_source
ndia_service_area,Yorke and Mid North,Yorke and Mid North,,Outer Regional Australia,,-34.19827795459763,137.8267998358712,34850.6503,79930.0,NDIA Service Area assembled from LGA 2021 context; population 2025 ERP,derived_from_local_curated_source
