quarter,quarter_label,geography_code,geography_name,remoteness,support_class,support_type,support_type_group,service_type_opportunity_score,rank_within_support_type,overall_rank,service_type_opportunity_segment,support_undersupply_score,support_payment_gap_from_remoteness_benchmark,support_share_gap_from_remoteness,projected_next_quarter_payments,payments,local_support_share,remoteness_benchmark,reliability_flag
2026Q1,2026 Q1,Wheat Belt,Wheat Belt,Outer Regional Australia,Capital,Capital,Capital,0.6456718749999999,1.0,60.0,under-serviced support gap,0.7899305555555555,574677.1354993673,0.0104543775786677,700832.0126782884,665000.0,0.0120975077314899,0.0225518853101576,suppression_present
2026Q1,2026 Q1,Yorke and Mid North,Yorke and Mid North,Outer Regional Australia,Capital,Capital,Capital,0.6401770833333333,2.0,65.0,under-serviced support gap,0.8444444444444444,1532841.496921707,0.0139005504291362,1216732.6203208556,954000.0,0.0086513348810214,0.0225518853101576,suppression_present
2026Q1,2026 Q1,Great Southern,Great Southern,Outer Regional Australia,Capital,Capital,Capital,0.6307499999999999,3.0,77.0,under-serviced support gap,0.8048611111111111,837615.6453550449,0.0108836377562017,1260006.25,898000.0,0.0116682475539559,0.0225518853101576,suppression_present
2026Q1,2026 Q1,Central North Metro,Central North Metro,Major Cities of Australia,Capital,Capital,Capital,0.6190833333333332,4.0,97.0,under-indexed support mix,0.7805555555555556,2848879.3515258487,0.0051072758933644,12956722.181618856,11909000.0,0.0213496400195049,0.0264569159128693,suppression_present
2026Q1,2026 Q1,Outer East Melbourne,Outer East Melbourne,Major Cities of Australia,Capital,Capital,Capital,0.6055347222222223,5.0,121.0,under-indexed support mix,0.725,2698095.4491052143,0.0033219921510002,20088995.732574683,18790000.0,0.0231349237618691,0.0264569159128693,suppression_present
2026Q1,2026 Q1,Far North (SA),Far North (SA),Very Remote Australia,Capital,Capital,Capital,0.6049027777777778,6.0,123.0,under-serviced support gap,0.8326388888888889,685268.0403531858,0.0190717775835124,65679.24528301887,59000.0,0.0016420361247947,0.0207138137083071,suppression_present
2026Q1,2026 Q1,Murray and Mallee,Murray and Mallee,Outer Regional Australia,Capital,Capital,Capital,0.5989409722222222,7.0,139.0,under-serviced support gap,0.7979166666666666,1194143.6867063236,0.008846557271279,2032363.4204275531,1850000.0,0.0137053280388786,0.0225518853101576,suppression_present
2026Q1,2026 Q1,Loddon,Loddon,Inner Regional Australia,Capital,Capital,Capital,0.5955225694444444,8.0,150.0,under-serviced support gap,0.7107638888888888,1722680.180282025,0.0034490715615643,11659554.208818477,11053000.0,0.0221298116773648,0.0255788832389291,suppression_present
2026Q1,2026 Q1,Limestone Coast,Limestone Coast,Outer Regional Australia,Capital,Capital,Capital,0.5924861111111112,9.0,155.0,under-indexed support mix,0.7937500000000001,1047052.4871800636,0.0089611147100413,1805113.81531854,1588000.0,0.0135907706001163,0.0225518853101576,suppression_present
2026Q1,2026 Q1,Central South Metro,Central South Metro,Major Cities of Australia,Capital,Capital,Capital,0.588720486111111,10.0,161.0,monitor,0.5204861111111111,143911.94737855718,0.0002714013962688,14801783.10940499,13885000.0,0.0261855145166005,0.0264569159128693,suppression_present
2026Q1,2026 Q1,Darwin Remote,Darwin Remote,Very Remote Australia,Core,Community Participation Care,Community Participation Care,0.7350086805555556,1.0,5.0,under-serviced support gap,0.8128472222222222,1147802.3181546126,0.0436559530714519,5473636.037651278,4942000.0,0.1879659211927582,0.2316218742642101,suppression_present
2026Q1,2026 Q1,Limestone Coast,Limestone Coast,Outer Regional Australia,Core,Community Participation Care,Community Participation Care,0.7296736111111111,2.0,6.0,under-indexed support mix,0.9340277777777776,8572300.919255868,0.0733653496906634,19174281.3723092,17707000.0,0.1515439389271164,0.2249092886177798,suppression_present
2026Q1,2026 Q1,Yorke and Mid North,Yorke and Mid North,Outer Regional Australia,Core,Community Participation Care,Community Participation Care,0.7262968750000001,3.0,7.0,under-serviced support gap,0.7211805555555556,1445197.0744598173,0.0131057482811577,24856590.540417384,23356000.0,0.2118035403366221,0.2249092886177798,suppression_present
2026Q1,2026 Q1,"Barossa, Light and Lower North","Barossa, Light and Lower North",Inner Regional Australia,Core,Community Participation Care,Community Participation Care,0.7068975694444444,4.0,10.0,under-serviced support gap,0.8232638888888889,3481924.0224437453,0.0265582855149975,28003657.00158228,26607000.0,0.2029442050265054,0.2295024905415029,suppression_present
2026Q1,2026 Q1,Southern NSW,Southern NSW,Inner Regional Australia,Core,Community Participation Care,Community Participation Care,0.7016684027777778,5.0,12.0,under-serviced support gap,0.7232638888888889,2684262.879917189,0.0089870259336591,67400004.59891553,65864000.0,0.2205154646078438,0.2295024905415029,suppression_present
2026Q1,2026 Q1,Western NSW,Western NSW,Outer Regional Australia,Core,Community Participation Care,Community Participation Care,0.7015225694444445,6.0,13.0,under-indexed support mix,0.9065972222222222,20323368.16863808,0.0353634386090796,112102678.51980616,108932000.0,0.1895458500087002,0.2249092886177798,suppression_present
2026Q1,2026 Q1,ACT,ACT,Inner Regional Australia,Core,Community Participation Care,Community Participation Care,0.6906631944444444,7.0,17.0,advocacy support gap,0.8944444444444444,21811080.173193693,0.0314875054832518,141650142.06658736,137163000.0,0.1980149850582511,0.2295024905415029,suppression_present
2026Q1,2026 Q1,Rockhampton,Rockhampton,Very Remote Australia,Core,Community Participation Care,Community Participation Care,0.690046875,8.0,19.0,advocacy support gap,0.7572916666666667,4497539.037095353,0.0102682367486567,99755686.7272978,96954000.0,0.2213536375155534,0.2316218742642101,suppression_present
2026Q1,2026 Q1,Goldfields-Esperance,Goldfields-Esperance,Very Remote Australia,Core,Community Participation Care,Community Participation Care,0.6856892361111111,9.0,23.0,under-indexed support mix,0.8239583333333332,2551677.578433733,0.0317863069713704,16835389.50673819,16042000.0,0.1998355672928397,0.2316218742642101,suppression_present
2026Q1,2026 Q1,Murrumbidgee,Murrumbidgee,Outer Regional Australia,Core,Community Participation Care,Community Participation Care,0.6725763888888889,10.0,36.0,growth market,0.7819444444444444,6527350.227805689,0.0115364362292276,124910086.46429671,120727000.0,0.2133728523885522,0.2249092886177798,suppression_present
2026Q1,2026 Q1,Brisbane,Brisbane,Major Cities of Australia,Capacity Building,Early Childhood Supports,Early Childhood Supports,0.6392447916666666,1.0,68.0,under-indexed support mix,0.8725694444444444,13544039.44060436,0.0069263810483456,31962908.27535701,29545000.0,0.0151092241698492,0.0220356052181948,suppression_present
2026Q1,2026 Q1,Great Southern,Great Southern,Outer Regional Australia,Capacity Building,Early Childhood Supports,Early Childhood Supports,0.6236927083333332,2.0,86.0,under-serviced support gap,0.7822916666666666,713926.9470591478,0.0092764770086037,1279551.4981273408,1169000.0,0.0151895115707955,0.0244659885793992,suppression_present
2026Q1,2026 Q1,Bayside Peninsula,Bayside Peninsula,Major Cities of Australia,Capacity Building,Early Childhood Supports,Early Childhood Supports,0.6205555555555555,3.0,92.0,under-indexed support mix,0.8569444444444444,9908759.084334483,0.0064636055939267,26032268.23808872,23872000.0,0.0155719996242681,0.0220356052181948,suppression_present
2026Q1,2026 Q1,Yorke and Mid North,Yorke and Mid North,Outer Regional Australia,Capacity Building,Early Childhood Supports,Early Childhood Supports,0.6121822916666667,4.0,108.0,monitor,0.6510416666666666,341913.49262751685,0.0031006374476523,2697150.631681244,2356000.0,0.0213653511317469,0.0244659885793992,suppression_present
2026Q1,2026 Q1,South West,South West,Inner Regional Australia,Capacity Building,Early Childhood Supports,Early Childhood Supports,0.6046770833333334,5.0,126.0,advocacy support gap,0.7840277777777778,1853948.3936366308,0.0064097012305885,5127647.565118913,4758000.0,0.0164499500416607,0.0228596512722492,suppression_present
2026Q1,2026 Q1,Central North Metro,Central North Metro,Major Cities of Australia,Capacity Building,Early Childhood Supports,Early Childhood Supports,0.6004635416666666,6.0,134.0,under-indexed support mix,0.8232638888888889,3613636.8755508456,0.0064782808341774,9299541.12126451,8678000.0,0.0155573243840174,0.0220356052181948,suppression_present
2026Q1,2026 Q1,Wheat Belt,Wheat Belt,Outer Regional Australia,Capacity Building,Early Childhood Supports,Early Childhood Supports,0.5978854166666667,7.0,144.0,monitor,0.5104166666666666,13895.392209578304,0.0002527813754698,1421798.555377207,1331000.0,0.0242132072039294,0.0244659885793992,suppression_present
2026Q1,2026 Q1,Outer East Melbourne,Outer East Melbourne,Major Cities of Australia,Capacity Building,Early Childhood Supports,Early Childhood Supports,0.5891024305555556,8.0,160.0,under-indexed support mix,0.7496527777777778,2836142.2733761296,0.0034919603657462,15996736.318758814,15061000.0,0.0185436448524486,0.0220356052181948,suppression_present
2026Q1,2026 Q1,ACT,ACT,Inner Regional Australia,Capacity Building,Early Childhood Supports,Early Childhood Supports,0.5787361111111111,9.0,188.0,advocacy support gap,0.7979166666666666,3533651.8397742994,0.0051013466915566,13277869.515619516,12301000.0,0.0177583045806926,0.0228596512722492,suppression_present
2026Q1,2026 Q1,Outer Gippsland,Outer Gippsland,Outer Regional Australia,Capacity Building,Early Childhood Supports,Early Childhood Supports,0.5673559027777778,10.0,215.0,under-indexed support mix,0.796875,1459136.9176320033,0.0080256583427223,3261818.5469149323,2989000.0,0.0164403302366769,0.0244659885793992,suppression_present
2026Q1,2026 Q1,Great Southern,Great Southern,Outer Regional Australia,Core,Group Centre Care,Group Centre Care,0.6483802083333332,1.0,56.0,under-serviced support gap,0.9128472222222224,2734301.977875933,0.0355284102061555,120050.0,98000.0,0.0012733722274918,0.0368017824336473,suppression_present
2026Q1,2026 Q1,Midwest-Gascoyne,Midwest-Gascoyne,Very Remote Australia,Core,Group Centre Care,Group Centre Care,0.6395121527777778,2.0,67.0,under-serviced support gap,0.8586805555555556,1503782.6945239983,0.0161441881598334,142370.37037037036,124000.0,0.0013312291324465,0.0174754172922799,suppression_present
2026Q1,2026 Q1,Limestone Coast,Limestone Coast,Outer Regional Australia,Core,Group Centre Care,Group Centre Care,0.6137100694444444,3.0,103.0,under-indexed support mix,0.7246527777777777,753067.4666770902,0.0064450674974932,3831062.423873325,3547000.0,0.0303567149361541,0.0368017824336473,suppression_present
2026Q1,2026 Q1,Wheat Belt,Wheat Belt,Outer Regional Australia,Core,Group Centre Care,Group Centre Care,0.6135624999999999,4.0,105.0,under-serviced support gap,0.8680555555555555,1479993.9803775945,0.0269236670980097,547029.6846011131,543000.0,0.0098781153356376,0.0368017824336473,suppression_present
2026Q1,2026 Q1,Brisbane,Brisbane,Major Cities of Australia,Core,Group Centre Care,Group Centre Care,0.5987760416666666,5.0,140.0,under-indexed support mix,0.921875,22886950.651564486,0.0117043177511851,34762359.08415625,34545000.0,0.0176662091368232,0.0293705268880083,suppression_present
2026Q1,2026 Q1,Central South Metro,Central South Metro,Major Cities of Australia,Core,Group Centre Care,Group Centre Care,0.580673611111111,6.0,182.0,under-serviced support gap,0.9472222222222224,11867868.735000892,0.0223814367332715,3762859.178082192,3706000.0,0.0069890901547368,0.0293705268880083,suppression_present
2026Q1,2026 Q1,Darwin Remote,Darwin Remote,Very Remote Australia,Core,Group Centre Care,Group Centre Care,0.5721310763888889,7.0,204.0,local specialisation,0.2463541666666666,-984536.328551376,-0.0374462318785704,1632839.4675019577,1444000.0,0.0549216491708504,0.0174754172922799,suppression_present
2026Q1,2026 Q1,Beenleigh,Beenleigh,Major Cities of Australia,Core,Group Centre Care,Group Centre Care,0.5508958333333334,8.0,275.0,under-indexed support mix,0.8958333333333334,12735323.54321029,0.0101801717061648,24160981.344847824,24007000.0,0.0191903551818435,0.0293705268880083,suppression_present
2026Q1,2026 Q1,Goldfields-Esperance,Goldfields-Esperance,Very Remote Australia,Core,Group Centre Care,Group Centre Care,0.5443090277777778,9.0,292.0,under-indexed support mix,0.6909722222222222,295856.5985550636,0.0036854925327005,1172678.4688995215,1107000.0,0.0137899247595794,0.0174754172922799,suppression_present
2026Q1,2026 Q1,Western Melbourne,Western Melbourne,Major Cities of Australia,Core,Group Centre Care,Group Centre Care,0.543767361111111,10.0,295.0,advocacy support gap,0.7909722222222221,5535172.351886943,0.0047288996845678,28743345.506685555,28843000.0,0.0246416272034405,0.0293705268880083,suppression_present
2026Q1,2026 Q1,Midwest-Gascoyne,Midwest-Gascoyne,Very Remote Australia,Core,High Needs Personal Care,High Needs Personal Care,0.6611006944444444,1.0,47.0,under-serviced support gap,0.8256944444444444,1400023.6993412348,0.0150302607635376,2716443.022295624,2565000.0,0.0275371187477857,0.0425673795113233,suppression_present
2026Q1,2026 Q1,Darwin Remote,Darwin Remote,Very Remote Australia,Core,High Needs Personal Care,High Needs Personal Care,0.6546701388888889,2.0,53.0,under-serviced support gap,0.84375,777181.542111713,0.0295596204971746,403324.1379310344,342000.0,0.0130077590141487,0.0425673795113233,suppression_present
2026Q1,2026 Q1,Western NSW,Western NSW,Outer Regional Australia,Core,High Needs Personal Care,High Needs Personal Care,0.6134236111111111,3.0,106.0,under-indexed support mix,0.8159722222222223,4059186.74587363,0.0070631403269073,15755615.044247787,15096000.0,0.0262676178875935,0.0333307582145008,suppression_present
2026Q1,2026 Q1,Murray and Mallee,Murray and Mallee,Outer Regional Australia,Core,High Needs Personal Care,High Needs Personal Care,0.6118576388888889,4.0,109.0,under-serviced support gap,0.6701388888888888,563119.0668261806,0.0041717467761081,4739093.30070358,3936000.0,0.0291590114383927,0.0333307582145008,suppression_present
2026Q1,2026 Q1,"Barossa, Light and Lower North","Barossa, Light and Lower North",Inner Regional Australia,Core,High Needs Personal Care,High Needs Personal Care,0.6068715277777778,5.0,119.0,under-serviced support gap,0.85,2051262.9064984447,0.0156459548186449,3520796.48,3317000.0,0.025300331795126,0.0409462866137709,suppression_present
2026Q1,2026 Q1,Murrumbidgee,Murrumbidgee,Outer Regional Australia,Core,High Needs Personal Care,High Needs Personal Care,0.6030451388888889,6.0,128.0,under-indexed support mix,0.8229166666666666,4172642.990039218,0.0073747275819309,15491926.160034476,14686000.0,0.0259560306325699,0.0333307582145008,suppression_present
2026Q1,2026 Q1,Goldfields-Esperance,Goldfields-Esperance,Very Remote Australia,Core,High Needs Personal Care,High Needs Personal Care,0.5964965277777778,7.0,149.0,under-indexed support mix,0.6854166666666667,459138.9576509921,0.0057195046794932,3154204.758471521,2958000.0,0.0368478748318301,0.0425673795113233,suppression_present
2026Q1,2026 Q1,Southern Adelaide,Southern Adelaide,Major Cities of Australia,Core,High Needs Personal Care,High Needs Personal Care,0.5897465277777778,8.0,159.0,growth market,0.7104166666666667,3330818.52682554,0.003473053979502,42501632.38420228,38981000.0,0.0406455998982322,0.0441186538777342,suppression_present
2026Q1,2026 Q1,Mallee,Mallee,Outer Regional Australia,Core,High Needs Personal Care,High Needs Personal Care,0.5856979166666667,9.0,167.0,advocacy support gap,0.7659722222222222,1278389.0609567566,0.0074098771827663,5031140.628930818,4472000.0,0.0259208810317345,0.0333307582145008,suppression_present
2026Q1,2026 Q1,Southern NSW,Southern NSW,Inner Regional Australia,Core,High Needs Personal Care,High Needs Personal Care,0.5834652777777778,10.0,175.0,under-serviced support gap,0.9097222222222222,5638918.778374344,0.0188793391579484,6474110.43219076,6591000.0,0.0220669474558225,0.0409462866137709,suppression_present
2026Q1,2026 Q1,Brisbane,Brisbane,Major Cities of Australia,Capacity Building,Other Capacity Building,Other Capacity Building,0.6588802083333334,1.0,49.0,under-indexed support mix,0.7510416666666666,8797958.594771802,0.0044992495733782,121752826.4015566,118391000.0,0.0605448014450033,0.0650440510183815,suppression_present
2026Q1,2026 Q1,Beenleigh,Beenleigh,Major Cities of Australia,Capacity Building,Other Capacity Building,Other Capacity Building,0.63740625,2.0,70.0,under-indexed support mix,0.8645833333333334,13579652.515638188,0.0108550987220857,69735263.05406758,67790000.0,0.0541889522962958,0.0650440510183815,suppression_present
2026Q1,2026 Q1,South East Metro,South East Metro,Major Cities of Australia,Capacity Building,Other Capacity Building,Other Capacity Building,0.6283958333333334,3.0,80.0,under-indexed support mix,0.8854166666666666,9375016.81761542,0.0155566307096722,30868404.15784541,29823000.0,0.0494874203087093,0.0650440510183815,suppression_present
2026Q1,2026 Q1,Central North Metro,Central North Metro,Major Cities of Australia,Capacity Building,Other Capacity Building,Other Capacity Building,0.6277552083333333,4.0,82.0,under-indexed support mix,0.7204861111111112,2795092.010461375,0.0050108496300902,34212379.68697563,33487000.0,0.0600332013882913,0.0650440510183815,suppression_present
2026Q1,2026 Q1,Robina,Robina,Major Cities of Australia,Capacity Building,Other Capacity Building,Other Capacity Building,0.6108802083333333,5.0,111.0,growth market,0.8225694444444445,9894644.264817536,0.0085115292699757,68329751.94595622,65719000.0,0.0565325217484058,0.0650440510183815,suppression_present
2026Q1,2026 Q1,Limestone Coast,Limestone Coast,Outer Regional Australia,Capacity Building,Other Capacity Building,Other Capacity Building,0.6083454861111111,6.0,115.0,under-indexed support mix,0.8059027777777777,1440200.5834952528,0.0123258411514092,3804703.44441333,3686000.0,0.031546335284653,0.0438721764360622,suppression_present
2026Q1,2026 Q1,Ovens Murray,Ovens Murray,Inner Regional Australia,Capacity Building,Other Capacity Building,Other Capacity Building,0.6033246527777778,7.0,127.0,under-serviced support gap,0.7059027777777778,1424796.679665003,0.0058074846932192,12863905.917933628,12545000.0,0.0511335382207403,0.0569410229139595,suppression_present
2026Q1,2026 Q1,Western NSW,Western NSW,Outer Regional Australia,Capacity Building,Other Capacity Building,Other Capacity Building,0.5975121527777778,8.0,146.0,monitor,0.6670138888888889,1736339.7978049554,0.0030212977167304,24274179.90839426,23477000.0,0.0408508787193318,0.0438721764360622,suppression_present
2026Q1,2026 Q1,Southern Adelaide,Southern Adelaide,Major Cities of Australia,Capacity Building,Other Capacity Building,Other Capacity Building,0.5953715277777778,9.0,151.0,under-indexed support mix,0.8520833333333333,10220236.952974752,0.0106566702253852,53300399.65519944,52160000.0,0.0543873807929963,0.0650440510183815,suppression_present
2026Q1,2026 Q1,Eastern Adelaide,Eastern Adelaide,Major Cities of Australia,Capacity Building,Other Capacity Building,Other Capacity Building,0.5939375,10.0,153.0,under-indexed support mix,0.8770833333333333,6413914.124847159,0.0159274739563371,20242618.28624651,19779000.0,0.0491165770620444,0.0650440510183815,suppression_present
2026Q1,2026 Q1,Darwin Remote,Darwin Remote,Very Remote Australia,Core,Other Core,Other Core,0.5504253472222221,1.0,277.0,under-serviced support gap,0.7829861111111112,273916.12221706065,0.0104182307248236,138872.83236994222,155000.0,0.0058953293777574,0.016313560102581,suppression_present
2026Q1,2026 Q1,Midwest-Gascoyne,Midwest-Gascoyne,Very Remote Australia,Core,Other Core,Other Core,0.5318298611111111,2.0,333.0,monitor,0.6451388888888888,224559.1828751161,0.0024108042435625,1302038.0434782607,1295000.0,0.0139027558590185,0.016313560102581,suppression_present
2026Q1,2026 Q1,Goldfields-Esperance,Goldfields-Esperance,Very Remote Australia,Core,Other Core,Other Core,0.5273038194444445,3.0,354.0,under-indexed support mix,0.7385416666666668,447587.3507947954,0.0055756060440829,887746.714456392,862000.0,0.0107379540584981,0.016313560102581,suppression_present
2026Q1,2026 Q1,Murray and Mallee,Murray and Mallee,Outer Regional Australia,Core,Other Core,Other Core,0.5205295138888888,4.0,385.0,monitor,0.5114583333333333,28550.502440566663,0.0002115102711474,2668259.5573440646,2575000.0,0.0190763349730338,0.0192878452441812,suppression_present
2026Q1,2026 Q1,Beenleigh,Beenleigh,Major Cities of Australia,Core,Other Core,Other Core,0.503265625,5.0,455.0,monitor,0.6239583333333334,1447478.2823407724,0.0011570634546642,23361878.893960208,22961000.0,0.0183542194081022,0.0195112828627664,suppression_present
2026Q1,2026 Q1,South West,South West,Inner Regional Australia,Core,Other Core,Other Core,0.5030625,6.0,456.0,monitor,0.5277777777777778,102682.44900752604,0.0003550065481987,5666524.649154372,5612000.0,0.0194025051773434,0.0197575117255421,suppression_present
2026Q1,2026 Q1,South East Metro,South East Metro,Major Cities of Australia,Core,Other Core,Other Core,0.4894114583333332,7.0,511.0,monitor,0.6538194444444444,1217240.4818518383,0.0020198535138041,10722057.415806236,10541000.0,0.0174914293489623,0.0195112828627664,suppression_present
2026Q1,2026 Q1,Great Southern,Great Southern,Outer Regional Australia,Core,Other Core,Other Core,0.4855026041666667,8.0,532.0,monitor,0.2463541666666666,-177588.1421625642,-0.0023075082465477,1711427.5092936803,1662000.0,0.021595353490729,0.0192878452441812,suppression_present
2026Q1,2026 Q1,Western Melbourne,Western Melbourne,Major Cities of Australia,Core,Other Core,Other Core,0.4781423611111111,9.0,573.0,monitor,0.5013888888888889,59937.07958525047,5.120643382463749e-05,22914816.88896741,22778000.0,0.0194600764289418,0.0195112828627664,suppression_present
2026Q1,2026 Q1,Wheat Belt,Wheat Belt,Outer Regional Australia,Core,Other Core,Other Core,0.4764921875,10.0,579.0,local specialisation,0.2463541666666666,-314747.14692735486,-0.0057257985615309,1378006.559766764,1375000.0,0.0250136438057122,0.0192878452441812,suppression_present
2026Q1,2026 Q1,Darwin Remote,Darwin Remote,Very Remote Australia,Core,Personal Care,Personal Care,0.7507378472222223,1.0,4.0,under-serviced support gap,0.8947916666666668,2397690.642209947,0.0911946843986744,4143558.42185129,3695000.0,0.1405370454891221,0.2317317298877965,suppression_present
2026Q1,2026 Q1,Outer East Melbourne,Outer East Melbourne,Major Cities of Australia,Core,Personal Care,Personal Care,0.7098836805555556,2.0,9.0,growth market,0.8559027777777778,17706666.283385724,0.0218010843290573,183600644.5129484,177501000.0,0.2185456148299909,0.2403466991590482,suppression_present
2026Q1,2026 Q1,Western District,Western District,Outer Regional Australia,Core,Personal Care,Personal Care,0.6905364583333333,3.0,18.0,growth market,0.8177083333333334,5359303.950304106,0.0191986528758879,56670129.15986557,54324000.0,0.1946050510478237,0.2138037039237116,suppression_present
2026Q1,2026 Q1,Western NSW,Western NSW,Outer Regional Australia,Core,Personal Care,Personal Care,0.6853246527777779,4.0,24.0,growth market,0.7947916666666668,7349988.64495708,0.0127892616059806,119506801.42739452,115523000.0,0.201014442317731,0.2138037039237116,suppression_present
2026Q1,2026 Q1,Darwin Urban,Darwin Urban,Outer Regional Australia,Core,Personal Care,Personal Care,0.6777118055555555,5.0,28.0,growth market,0.9118055555555556,14251540.655842751,0.0401646449993877,66042181.38798519,61612000.0,0.1736390589243239,0.2138037039237116,suppression_present
2026Q1,2026 Q1,South East Metro,South East Metro,Major Cities of Australia,Core,Personal Care,Personal Care,0.6736041666666667,6.0,34.0,under-indexed support mix,0.8881944444444444,19026054.08781052,0.0315712817442818,129520981.99104872,125816000.0,0.2087754174147664,0.2403466991590482,suppression_present
2026Q1,2026 Q1,TAS South East,TAS South East,Remote Australia,Core,Personal Care,Personal Care,0.6704392361111111,7.0,37.0,growth market,0.8656250000000001,6731761.707814008,0.0297744356625356,46898613.01534677,41882000.0,0.18524317534455,0.2150176110070856,suppression_present
2026Q1,2026 Q1,Murrumbidgee,Murrumbidgee,Outer Regional Australia,Core,Personal Care,Personal Care,0.6702065972222223,8.0,38.0,growth market,0.7385416666666668,4478777.091147825,0.0079157888720064,121873639.97557208,116492000.0,0.2058879150517052,0.2138037039237116,suppression_present
2026Q1,2026 Q1,TAS North West,TAS North West,Outer Regional Australia,Core,Personal Care,Personal Care,0.6616458333333334,9.0,45.0,growth market,0.8000000000000002,4484330.30638887,0.0169398359268395,56124591.77516016,52114000.0,0.1968638679968721,0.2138037039237116,suppression_present
2026Q1,2026 Q1,Southern Adelaide,Southern Adelaide,Major Cities of Australia,Core,Personal Care,Personal Care,0.661204861111111,10.0,46.0,growth market,0.8909722222222222,29817540.441688567,0.0310908344768536,207753421.796254,200686000.0,0.2092558646821946,0.2403466991590482,suppression_present
2026Q1,2026 Q1,Wheat Belt,Wheat Belt,Outer Regional Australia,Capacity Building,Plan Management,Plan Management,0.4834713541666667,1.0,546.0,local specialisation,0.2463541666666666,-587939.786847873,-0.0106956482963046,1462056.0941828256,1453000.0,0.0264325995997816,0.0157369513034769,suppression_present
2026Q1,2026 Q1,Central North Metro,Central North Metro,Major Cities of Australia,Capacity Building,Plan Management,Plan Management,0.479890625,2.0,561.0,monitor,0.6628472222222223,979048.0190726584,0.00175517027198,5799091.952025031,5776000.0,0.010354817428219,0.012109987700199,suppression_present
2026Q1,2026 Q1,ACT,ACT,Inner Regional Australia,Capacity Building,Plan Management,Plan Management,0.4756631944444444,3.0,581.0,advocacy support gap,0.6819444444444445,1438625.6880955398,0.0020768679901478,9084401.606425704,9024000.0,0.0130274726067938,0.0151043405969416,suppression_present
2026Q1,2026 Q1,North Metro,North Metro,Inner Regional Australia,Capacity Building,Plan Management,Plan Management,0.4748333333333333,4.0,585.0,monitor,0.6034722222222223,652792.9798291046,0.0011563559159881,8030031.861157881,7874000.0,0.0139479846809535,0.0151043405969416,derived_from_local_curated_source
2026Q1,2026 Q1,Brisbane,Brisbane,Major Cities of Australia,Capacity Building,Plan Management,Plan Management,0.4714322916666666,5.0,600.0,monitor,0.4975694444444444,41209.02862492204,2.107417333959728e-05,23660018.67219917,23639000.0,0.0120889135268595,0.012109987700199,suppression_present
2026Q1,2026 Q1,North East Metro,North East Metro,Inner Regional Australia,Capacity Building,Plan Management,Plan Management,0.4668420138888889,6.0,622.0,under-indexed support mix,0.7892361111111111,2924835.6297603752,0.0042026640348997,7729631.93232174,7587000.0,0.0109016765620419,0.0151043405969416,derived_from_local_curated_source
2026Q1,2026 Q1,South Metro,South Metro,Inner Regional Australia,Capacity Building,Plan Management,Plan Management,0.4637326388888889,7.0,636.0,monitor,0.6006944444444445,706459.2930974588,0.0010731277180594,9507707.71116559,9237000.0,0.0140312128788822,0.0151043405969416,suppression_present
2026Q1,2026 Q1,Darwin Remote,Darwin Remote,Very Remote Australia,Capacity Building,Plan Management,Plan Management,0.4600998263888888,8.0,647.0,local specialisation,0.2463541666666666,-450648.375258772,-0.017140132940011,793004.329004329,856000.0,0.0325574319184542,0.0154172989784431,derived_from_local_curated_source
2026Q1,2026 Q1,Great Southern,Great Southern,Outer Regional Australia,Capacity Building,Plan Management,Plan Management,0.4519609375,9.0,685.0,local specialisation,0.2463541666666666,-338868.49073311174,-0.0044031196415471,1563109.954456734,1550000.0,0.0201400709450241,0.0157369513034769,derived_from_local_curated_source
2026Q1,2026 Q1,Hunter New England,Hunter New England,Outer Regional Australia,Capacity Building,Plan Management,Plan Management,0.450998263888889,10.0,691.0,under-indexed support mix,0.7552083333333334,5532969.772926845,0.0023559118778236,31671909.30665128,31426000.0,0.0133810394256533,0.0157369513034769,suppression_present
2026Q1,2026 Q1,Midwest-Gascoyne,Midwest-Gascoyne,Very Remote Australia,Core,Shared Accommodation Supports,Shared Accommodation Supports,0.7607621527777778,1.0,1.0,under-serviced support gap,0.9315972222222224,8093844.75960207,0.0868932414313082,18129939.3368958,17279000.0,0.1855024853189045,0.2723957267502128,suppression_present
2026Q1,2026 Q1,Wheat Belt,Wheat Belt,Outer Regional Australia,Core,Shared Accommodation Supports,Shared Accommodation Supports,0.7574947916666666,2.0,2.0,under-serviced support gap,0.9614583333333332,9710269.159730518,0.1766467011047938,5777657.988387338,5554000.0,0.1010369292341277,0.2776836303389215,suppression_present
2026Q1,2026 Q1,Central South Metro,Central South Metro,Major Cities of Australia,Core,Shared Accommodation Supports,Shared Accommodation Supports,0.7510121527777778,3.0,3.0,under-serviced support gap,0.8552083333333332,12479749.96024689,0.0235353744146625,119482010.3947393,113260000.0,0.2135953456355904,0.2371307200502529,suppression_present
2026Q1,2026 Q1,Ovens Murray,Ovens Murray,Inner Regional Australia,Core,Shared Accommodation Supports,Shared Accommodation Supports,0.7213194444444444,4.0,8.0,under-serviced support gap,0.8770833333333333,8495866.237160414,0.0346292308454476,54677246.94273763,52267000.0,0.2130407845502938,0.2476700153957414,suppression_present
2026Q1,2026 Q1,Great Southern,Great Southern,Outer Regional Australia,Core,Shared Accommodation Supports,Shared Accommodation Supports,0.7060885416666667,5.0,11.0,under-serviced support gap,0.928125,6800809.874513742,0.088366963455695,14712377.850162866,14570000.0,0.1893166668832265,0.2776836303389215,suppression_present
2026Q1,2026 Q1,Brisbane,Brisbane,Major Cities of Australia,Core,Shared Accommodation Supports,Shared Accommodation Supports,0.698671875,6.0,14.0,under-indexed support mix,0.8802083333333334,49852049.64642608,0.0254941883037504,419821214.6765242,413840000.0,0.2116365317465025,0.2371307200502529,suppression_present
2026Q1,2026 Q1,Yorke and Mid North,Yorke and Mid North,Outer Regional Australia,Core,Shared Accommodation Supports,Shared Accommodation Supports,0.6957239583333334,7.0,15.0,under-serviced support gap,0.9392361111111112,9755729.28473356,0.0884696866360776,20861000.76668743,20865000.0,0.1892139437028439,0.2776836303389215,suppression_present
2026Q1,2026 Q1,North Metro,North Metro,Inner Regional Australia,Core,Shared Accommodation Supports,Shared Accommodation Supports,0.6928281249999999,8.0,16.0,growth market,0.8302083333333333,10640163.111296326,0.0188479593699782,135988256.19167924,129176000.0,0.2288220560257632,0.2476700153957414,suppression_present
2026Q1,2026 Q1,Kimberley-Pilbara,Kimberley-Pilbara,Very Remote Australia,Core,Shared Accommodation Supports,Shared Accommodation Supports,0.689546875,9.0,20.0,growth market,0.7572916666666667,2524216.6279213503,0.0161048937571544,42114808.82161033,40170000.0,0.2562908329930584,0.2723957267502128,suppression_present
2026Q1,2026 Q1,Mallee,Mallee,Outer Regional Australia,Core,Shared Accommodation Supports,Shared Accommodation Supports,0.6879114583333333,10.0,21.0,advocacy support gap,0.8947916666666668,8191368.324222445,0.0474793121241701,40986375.36702611,39716000.0,0.2302043182147514,0.2776836303389215,suppression_present
2026Q1,2026 Q1,Rockhampton,Rockhampton,Very Remote Australia,Capacity Building,Support Coordination,Support Coordination,0.5667916666666667,1.0,220.0,advocacy support gap,0.6909722222222222,1505774.0370300545,0.003437801022888,12279014.190387702,12057000.0,0.0275270830241663,0.0309648840470543,suppression_present
2026Q1,2026 Q1,Brisbane,Brisbane,Major Cities of Australia,Capacity Building,Support Coordination,Support Coordination,0.5628385416666668,2.0,229.0,monitor,0.548263888888889,613942.4504352137,0.00031396832327,47984197.88935501,46863000.0,0.0239655973014603,0.0242795656247303,suppression_present
2026Q1,2026 Q1,Limestone Coast,Limestone Coast,Outer Regional Australia,Capacity Building,Support Coordination,Support Coordination,0.5492569444444445,3.0,282.0,monitor,0.657638888888889,394262.8692589598,0.0033742671361727,2655186.027944112,2579000.0,0.022072164595529,0.0254464317317017,suppression_present
2026Q1,2026 Q1,ACT,ACT,Inner Regional Australia,Capacity Building,Support Coordination,Support Coordination,0.5466267361111111,4.0,285.0,advocacy support gap,0.7621527777777777,2901799.308459591,0.0041891745347264,14903230.525649143,14553000.0,0.0210093981434696,0.025198572678196,suppression_present
2026Q1,2026 Q1,"Barossa, Light and Lower North","Barossa, Light and Lower North",Inner Regional Australia,Capacity Building,Support Coordination,Support Coordination,0.5352048611111111,5.0,318.0,monitor,0.5944444444444444,243658.8709748872,0.0018585017426863,3185981.6264035385,3060000.0,0.0233400709355097,0.025198572678196,suppression_present
2026Q1,2026 Q1,Beenleigh,Beenleigh,Major Cities of Australia,Capacity Building,Support Coordination,Support Coordination,0.5233177083333334,6.0,373.0,monitor,0.6149305555555555,1446566.6395782903,0.0011563347193616,29520950.04409949,28927000.0,0.0231232309053687,0.0242795656247303,suppression_present
2026Q1,2026 Q1,Southern NSW,Southern NSW,Inner Regional Australia,Capacity Building,Support Coordination,Support Coordination,0.5222934027777777,7.0,377.0,monitor,0.5190972222222222,90360.084668939,0.0003025293947039,7479250.101447315,7436000.0,0.0248960432834921,0.025198572678196,suppression_present
2026Q1,2026 Q1,Midwest-Gascoyne,Midwest-Gascoyne,Very Remote Australia,Capacity Building,Support Coordination,Support Coordination,0.5197074652777778,8.0,388.0,local specialisation,0.2463541666666666,-1155713.9456690256,-0.0124074199455594,4111234.256926952,4040000.0,0.0433723039926138,0.0309648840470543,suppression_present
2026Q1,2026 Q1,Robina,Robina,Major Cities of Australia,Capacity Building,Support Coordination,Support Coordination,0.5174947916666667,9.0,404.0,monitor,0.6690972222222222,2265970.759183403,0.001949223835189,26744044.17192523,25959000.0,0.0223303417895413,0.0242795656247303,suppression_present
2026Q1,2026 Q1,South Western Sydney,South Western Sydney,Major Cities of Australia,Capacity Building,Support Coordination,Support Coordination,0.5172916666666667,10.0,405.0,under-indexed support mix,0.8097222222222222,10434956.390801132,0.0041183437324945,52790141.32259827,51084000.0,0.0201612218922358,0.0242795656247303,suppression_present
2026Q1,2026 Q1,Brisbane,Brisbane,Major Cities of Australia,Capacity Building,Therapy,Therapy,0.6359374999999999,1.0,72.0,under-indexed support mix,0.763888888888889,9740371.053301184,0.0049811964712079,121226632.92882636,120146000.0,0.0614423031684112,0.0664234996396191,suppression_present
2026Q1,2026 Q1,Loddon,Loddon,Inner Regional Australia,Capacity Building,Therapy,Therapy,0.6221892361111111,2.0,89.0,under-serviced support gap,0.6899305555555556,2155433.184040368,0.0043155098566866,32941004.076678906,32535000.0,0.0651400907376336,0.0694556005943202,suppression_present
2026Q1,2026 Q1,ACT,ACT,Inner Regional Australia,Capacity Building,Therapy,Therapy,0.6135798611111112,3.0,104.0,advocacy support gap,0.8666666666666667,9203199.975679671,0.0132861741553649,39226587.47927032,38908000.0,0.0561694264389553,0.0694556005943202,suppression_present
2026Q1,2026 Q1,Inner Gippsland,Inner Gippsland,Inner Regional Australia,Capacity Building,Therapy,Therapy,0.598125,4.0,143.0,under-indexed support mix,0.7506944444444444,2812468.3742628656,0.006956992008368,25733492.804450355,25266000.0,0.0624986085859522,0.0694556005943202,suppression_present
2026Q1,2026 Q1,Darwin Urban,Darwin Urban,Outer Regional Australia,Capacity Building,Therapy,Therapy,0.5906284722222221,5.0,158.0,under-indexed support mix,0.7993055555555554,3324210.198640153,0.009368511500333,19470383.943959527,18714000.0,0.0527410463661266,0.0621095578664596,suppression_present
2026Q1,2026 Q1,Bayside Peninsula,Bayside Peninsula,Major Cities of Australia,Capacity Building,Therapy,Therapy,0.5852690972222221,6.0,170.0,monitor,0.6565972222222222,3119756.3355332613,0.002035055482772,98721001.7123461,98708000.0,0.0643884441568471,0.0664234996396191,suppression_present
2026Q1,2026 Q1,TAS North West,TAS North West,Outer Regional Australia,Capacity Building,Therapy,Therapy,0.57690625,7.0,194.0,under-indexed support mix,0.8784722222222222,4669704.267967071,0.0176400975667479,12008664.12478336,11772000.0,0.0444694602997117,0.0621095578664596,suppression_present
2026Q1,2026 Q1,Wheat Belt,Wheat Belt,Outer Regional Australia,Capacity Building,Therapy,Therapy,0.5648255208333334,8.0,224.0,local specialisation,0.2463541666666666,-2363837.604080712,-0.0430023213403803,5851934.092900964,5778000.0,0.10511187920684,0.0621095578664596,suppression_present
2026Q1,2026 Q1,North Sydney,North Sydney,Major Cities of Australia,Capacity Building,Therapy,Therapy,0.5644253472222223,9.0,226.0,under-indexed support mix,0.9059027777777778,17668988.189540923,0.0162247874123893,55098377.34840244,54667000.0,0.0501987122272298,0.0664234996396191,suppression_present
2026Q1,2026 Q1,Inner East Melbourne,Inner East Melbourne,Major Cities of Australia,Capacity Building,Therapy,Therapy,0.563670138888889,10.0,228.0,under-indexed support mix,0.8208333333333333,8161313.258749984,0.0089601854753623,52048631.08696065,52340000.0,0.0574633141642568,0.0664234996396191,suppression_present
