geography_type,geography_code,geography_name_latest,state_latest,remoteness_latest,quarter_latest,funded_plan_count_latest,funded_plans_per_1000_latest,mean_plan_utilisation_latest,payment_amount_latest,active_provider_count_latest,geography_name_first,state_first,remoteness_first,quarter_first,funded_plan_count_first,funded_plans_per_1000_first,mean_plan_utilisation_first,payment_amount_first,active_provider_count_first,funded_plan_count_change,funded_plan_count_growth_rate,funded_plans_per_1000_change,utilisation_change,payment_amount_change,provider_count_change
ndia_service_area,Barkly,Barkly,NT,Very Remote Australia,2026Q1,191.0,25.644468313641244,0.69,8040000.0,48.0,Barkly,NT,Very Remote Australia,2024Q2,148.0,19.87110633727175,0.66,5827000.0,48.0,43.0,0.2905405405405405,5.773361976369493,0.029999999999999916,2213000.0,0.0
ndia_service_area,Goulburn,Goulburn,VIC,Inner Regional Australia,2026Q1,6724.0,36.019434638439655,0.7,324039000.0,423.0,Goulburn,VIC,Inner Regional Australia,2024Q2,5286.0,28.31628963396669,0.74,248045000.0,423.0,1438.0,0.27203934922436623,7.703145004472965,-0.040000000000000036,75994000.0,0.0
ndia_service_area,South Metro,South Metro,WA,Inner Regional Australia,2026Q1,11703.0,26.49283971186801,0.73,658318000.0,702.0,South Metro,WA,Inner Regional Australia,2024Q2,9255.0,20.9511434276116,0.75,491785000.0,702.0,2448.0,0.26450567260940033,5.54169628425641,-0.020000000000000018,166533000.0,0.0
ndia_service_area,North Metro,North Metro,WA,Inner Regional Australia,2026Q1,9790.0,23.158332978506984,0.71,564526000.0,601.0,North Metro,WA,Inner Regional Australia,2024Q2,7783.0,18.410756442463725,0.76,440286000.0,601.0,2007.0,0.25786971604779646,4.747576536043258,-0.050000000000000044,124240000.0,0.0
ndia_service_area,Fleurieu and Kangaroo Island,Fleurieu and Kangaroo Island,SA,Inner Regional Australia,2026Q1,2013.0,33.33057372299032,0.7,111089000.0,161.0,Fleurieu and Kangaroo Island,SA,Inner Regional Australia,2024Q2,1623.0,26.87308552032453,0.74,84484000.0,161.0,390.0,0.24029574861367836,6.457488202665793,-0.040000000000000036,26605000.0,0.0
ndia_service_area,Darwin Remote,Darwin Remote,NT,Very Remote Australia,2026Q1,649.0,26.145107360109574,0.52,26292000.0,67.0,Darwin Remote,NT,Very Remote Australia,2024Q2,524.0,21.10945494098216,0.62,18336000.0,67.0,125.0,0.2385496183206107,5.035652419127413,-0.09999999999999998,7956000.0,0.0
ndia_service_area,Adelaide Hills,Adelaide Hills,SA,Inner Regional Australia,2026Q1,2847.0,32.357420498715705,0.7,123247000.0,182.0,Adelaide Hills,SA,Inner Regional Australia,2024Q2,2303.0,26.17461868933694,0.75,102470000.0,182.0,544.0,0.23621363438992618,6.182801809378766,-0.050000000000000044,20777000.0,0.0
ndia_service_area,Goldfields-Esperance,Goldfields-Esperance,WA,Very Remote Australia,2026Q1,1178.0,20.282718366363056,0.66,80276000.0,110.0,Goldfields-Esperance,WA,Very Remote Australia,2024Q2,959.0,16.511992286368567,0.67,53846000.0,110.0,219.0,0.2283628779979145,3.770726079994489,-0.010000000000000009,26430000.0,0.0
ndia_service_area,Central South Metro,Central South Metro,WA,Major Cities of Australia,2026Q1,8712.0,21.37499723979891,0.7,530255000.0,635.0,Central South Metro,WA,Major Cities of Australia,2024Q2,7101.0,17.422389279133615,0.74,427812000.0,635.0,1611.0,0.22686945500633712,3.9526079606652935,-0.040000000000000036,102443000.0,0.0
ndia_service_area,Beenleigh,Beenleigh,QLD,Major Cities of Australia,2026Q1,19990.0,34.684026609016115,0.74,1250993000.0,1063.0,Beenleigh,QLD,Major Cities of Australia,2024Q2,16391.0,28.439513764301307,0.79,972354000.0,1063.0,3599.0,0.21957171618571167,6.244512844714809,-0.050000000000000044,278639000.0,0.0
ndia_service_area,Wheat Belt,Wheat Belt,WA,Outer Regional Australia,2026Q1,1643.0,20.104007341694707,0.56,54970000.0,178.0,Wheat Belt,WA,Outer Regional Australia,2024Q2,1348.0,16.494340776996022,0.6,46238000.0,178.0,295.0,0.21884272997032642,3.609666564698685,-0.039999999999999925,8732000.0,0.0
ndia_service_area,Far North (SA),Far North (SA),SA,Very Remote Australia,2026Q1,733.0,30.023756860817564,0.6,35931000.0,85.0,Far North (SA),SA,Very Remote Australia,2024Q2,604.0,24.739903334152537,0.61,28498000.0,85.0,129.0,0.21357615894039736,5.283853526665027,-0.010000000000000009,7433000.0,0.0
ndia_service_area,TAS South East,TAS South East,TAS,Remote Australia,2026Q1,3864.0,29.284485437334688,0.69,226092000.0,227.0,TAS South East,TAS,Remote Australia,2024Q2,3205.0,24.290055855760265,0.72,178891000.0,227.0,659.0,0.20561622464898596,4.994429581574423,-0.030000000000000027,47201000.0,0.0
ndia_service_area,Outer Gippsland,Outer Gippsland,VIC,Outer Regional Australia,2026Q1,3379.0,35.11743920182914,0.69,181809000.0,230.0,Outer Gippsland,VIC,Outer Regional Australia,2024Q2,2804.0,29.141550613178133,0.73,152948000.0,230.0,575.0,0.20506419400855921,5.97588858865101,-0.040000000000000036,28861000.0,0.0
ndia_service_area,Great Southern,Great Southern,WA,Outer Regional Australia,2026Q1,1619.0,24.11020104244229,0.66,76961000.0,103.0,Great Southern,WA,Outer Regional Australia,2024Q2,1344.0,20.01489203276247,0.68,61677000.0,103.0,275.0,0.20461309523809523,4.09530900967982,-0.020000000000000018,15284000.0,0.0
ndia_service_area,Murray and Mallee,Murray and Mallee,SA,Outer Regional Australia,2026Q1,2755.0,36.79121818327502,0.67,134984000.0,200.0,Murray and Mallee,SA,Outer Regional Australia,2024Q2,2291.0,30.59480248924975,0.72,103397000.0,200.0,464.0,0.20253164556962025,6.196415694025269,-0.04999999999999993,31587000.0,0.0
ndia_service_area,Inner Gippsland,Inner Gippsland,VIC,Inner Regional Australia,2026Q1,7974.0,36.6819699883155,0.7,404265000.0,391.0,Inner Gippsland,VIC,Inner Regional Australia,2024Q2,6639.0,30.54070714226569,0.76,340935000.0,391.0,1335.0,0.20108450067781292,6.141262846049813,-0.06000000000000005,63330000.0,0.0
ndia_service_area,Caboolture/Strathpine,Caboolture/Strathpine,QLD,Inner Regional Australia,2026Q1,19120.0,35.90981228108067,0.73,1165772000.0,1008.0,Caboolture/Strathpine,QLD,Inner Regional Australia,2024Q2,15957.0,29.96929260299186,0.78,945896000.0,1008.0,3163.0,0.198220216832738,5.940519678088808,-0.050000000000000044,219876000.0,0.0
ndia_service_area,Kimberley-Pilbara,Kimberley-Pilbara,WA,Very Remote Australia,2026Q1,2092.0,20.36366468091734,0.67,156736000.0,151.0,Kimberley-Pilbara,WA,Very Remote Australia,2024Q2,1746.0,16.99567807499124,0.71,107749000.0,151.0,346.0,0.1981672394043528,3.3679866059260988,-0.039999999999999925,48987000.0,0.0
ndia_service_area,Ipswich,Ipswich,QLD,Inner Regional Australia,2026Q1,13821.0,35.60158984887162,0.73,847312000.0,1001.0,Ipswich,QLD,Inner Regional Australia,2024Q2,11537.0,29.71822169788235,0.78,680041000.0,1001.0,2284.0,0.19797174308745774,5.88336815098927,-0.050000000000000044,167271000.0,0.0
ndia_service_area,"Barossa, Light and Lower North","Barossa, Light and Lower North",SA,Inner Regional Australia,2026Q1,3458.0,41.44593331255843,0.68,131105000.0,246.0,"Barossa, Light and Lower North",SA,Inner Regional Australia,2024Q2,2891.0,34.650142627705726,0.75,113338000.0,246.0,567.0,0.19612590799031476,6.7957906848527045,-0.06999999999999995,17767000.0,0.0
ndia_service_area,South West,South West,WA,Inner Regional Australia,2026Q1,5502.0,26.08052635071719,0.69,289241000.0,284.0,South West,WA,Inner Regional Australia,2024Q2,4600.0,21.80487481157744,0.72,231681000.0,284.0,902.0,0.19608695652173913,4.275651539139748,-0.030000000000000027,57560000.0,0.0
ndia_service_area,Central Highlands,Central Highlands,VIC,Inner Regional Australia,2026Q1,8359.0,36.91273685930414,0.73,479687000.0,446.0,Central Highlands,VIC,Inner Regional Australia,2024Q2,6992.0,30.87616414885208,0.75,380534000.0,446.0,1367.0,0.1955091533180778,6.0365727104520595,-0.020000000000000018,99153000.0,0.0
ndia_service_area,Nepean Blue Mountains,Nepean Blue Mountains,NSW,Inner Regional Australia,2026Q1,13845.0,34.53229873618521,0.76,840844000.0,1089.0,Nepean Blue Mountains,NSW,Inner Regional Australia,2024Q2,11590.0,28.90786149168556,0.79,684884000.0,1089.0,2255.0,0.19456427955133737,5.624437244499653,-0.030000000000000027,155960000.0,0.0
ndia_service_area,Southern Melbourne,Southern Melbourne,VIC,Major Cities of Australia,2026Q1,20418.0,28.473611914905483,0.78,1328401000.0,973.0,Southern Melbourne,VIC,Major Cities of Australia,2024Q2,17135.0,23.89535410725367,0.81,1008750000.0,973.0,3283.0,0.19159614823460752,4.578257807651813,-0.030000000000000027,319651000.0,0.0
ndia_service_area,Western Melbourne,Western Melbourne,VIC,Major Cities of Australia,2026Q1,20882.0,24.15458378397136,0.75,1170499000.0,1136.0,Western Melbourne,VIC,Major Cities of Australia,2024Q2,17560.0,20.311966825329808,0.78,958165000.0,1136.0,3322.0,0.18917995444191343,3.8426169586415533,-0.030000000000000027,212334000.0,0.0
ndia_service_area,South Western Sydney,South Western Sydney,NSW,Major Cities of Australia,2026Q1,36558.0,27.731526538687067,0.82,2533775000.0,2139.0,South Western Sydney,NSW,Major Cities of Australia,2024Q2,30786.0,23.3531039996723,0.85,2023225000.0,2139.0,5772.0,0.1874878191385695,4.3784225390147675,-0.030000000000000027,510550000.0,0.0
ndia_service_area,TAS South West,TAS South West,TAS,Inner Regional Australia,2026Q1,4480.0,26.693678126675803,0.75,336523000.0,267.0,TAS South West,TAS,Inner Regional Australia,2024Q2,3773.0,22.481082047309776,0.73,274305000.0,267.0,707.0,0.18738404452690166,4.212596079366026,0.020000000000000018,62218000.0,0.0
ndia_service_area,Brimbank Melton,Brimbank Melton,VIC,Major Cities of Australia,2026Q1,14435.0,33.58945242328062,0.76,843777000.0,893.0,Brimbank Melton,VIC,Major Cities of Australia,2024Q2,12178.0,28.337537347468743,0.79,667334000.0,893.0,2257.0,0.18533420922975857,5.251915075811876,-0.030000000000000027,176443000.0,0.0
ndia_service_area,Loddon,Loddon,VIC,Inner Regional Australia,2026Q1,10950.0,41.89046504154616,0.68,499462000.0,462.0,Loddon,VIC,Inner Regional Australia,2024Q2,9248.0,35.379271297188936,0.73,424967000.0,462.0,1702.0,0.18403979238754326,6.511193744357222,-0.04999999999999993,74495000.0,0.0
ndia_service_area,Midwest-Gascoyne,Midwest-Gascoyne,WA,Very Remote Australia,2026Q1,1732.0,24.664283781666978,0.62,93147000.0,116.0,Midwest-Gascoyne,WA,Very Remote Australia,2024Q2,1464.0,20.84787035586632,0.65,65556000.0,116.0,268.0,0.1830601092896175,3.8164134258006577,-0.030000000000000027,27591000.0,0.0
ndia_service_area,North East Metro,North East Metro,WA,Inner Regional Australia,2026Q1,10033.0,25.694675647296847,0.74,695948000.0,743.0,North East Metro,WA,Inner Regional Australia,2024Q2,8483.0,21.72510051988629,0.77,564674000.0,743.0,1550.0,0.18271837793233525,3.9695751274105575,-0.030000000000000027,131274000.0,0.0
ndia_service_area,Northern NSW,Northern NSW,NSW,Inner Regional Australia,2026Q1,11178.0,34.63919825967314,0.74,696274000.0,455.0,Northern NSW,NSW,Inner Regional Australia,2024Q2,9453.0,29.293642972686538,0.77,577546000.0,455.0,1725.0,0.18248175182481752,5.345555286986599,-0.030000000000000027,118728000.0,0.0
ndia_service_area,Southern Adelaide,Southern Adelaide,SA,Major Cities of Australia,2026Q1,14447.0,36.38987823861604,0.74,959046000.0,507.0,Southern Adelaide,SA,Major Cities of Australia,2024Q2,12235.0,30.818174032634268,0.78,787109000.0,507.0,2212.0,0.1807928075194115,5.571704205981774,-0.040000000000000036,171937000.0,0.0
ndia_service_area,Bayside Peninsula,Bayside Peninsula,VIC,Major Cities of Australia,2026Q1,25181.0,25.562935824148607,0.73,1533008000.0,993.0,Bayside Peninsula,VIC,Major Cities of Australia,2024Q2,21331.0,21.65454048945292,0.77,1301245000.0,993.0,3850.0,0.18048849092869532,3.908395334695687,-0.040000000000000036,231763000.0,0.0
ndia_service_area,Ovens Murray,Ovens Murray,VIC,Inner Regional Australia,2026Q1,5126.0,37.27512034788173,0.68,245338000.0,279.0,Ovens Murray,VIC,Inner Regional Australia,2024Q2,4346.0,31.603135589522825,0.73,207198000.0,279.0,780.0,0.17947537965945698,5.6719847583589065,-0.04999999999999993,38140000.0,0.0
ndia_service_area,TAS North West,TAS North West,TAS,Outer Regional Australia,2026Q1,3655.0,30.43525326627308,0.71,264721000.0,213.0,TAS North West,TAS,Outer Regional Australia,2024Q2,3099.0,25.80543088158147,0.76,229687000.0,213.0,556.0,0.17941271377863827,4.629822384691611,-0.050000000000000044,35034000.0,0.0
ndia_service_area,Maroochydore,Maroochydore,QLD,Inner Regional Australia,2026Q1,14666.0,29.33229332293323,0.73,973303000.0,626.0,Maroochydore,QLD,Inner Regional Australia,2024Q2,12448.0,24.896248962489626,0.78,798085000.0,626.0,2218.0,0.17818123393316196,4.436044360443603,-0.050000000000000044,175218000.0,0.0
ndia_service_area,Robina,Robina,QLD,Major Cities of Australia,2026Q1,17038.0,24.64881443224397,0.75,1162499000.0,836.0,Robina,QLD,Major Cities of Australia,2024Q2,14498.0,20.97420540196461,0.8,937752000.0,836.0,2540.0,0.1751965788384605,3.6746090302793597,-0.050000000000000044,224747000.0,0.0
ndia_service_area,Outer East Melbourne,Outer East Melbourne,VIC,Major Cities of Australia,2026Q1,14476.0,32.53231094920366,0.73,812192000.0,682.0,Outer East Melbourne,VIC,Major Cities of Australia,2024Q2,12322.0,27.69156780299029,0.77,688510000.0,682.0,2154.0,0.17480928420710923,4.840743146213374,-0.040000000000000036,123682000.0,0.0
ndia_service_area,Central Coast,Central Coast,NSW,Inner Regional Australia,2026Q1,13088.0,36.57745880564312,0.75,765896000.0,765.0,Central Coast,NSW,Inner Regional Australia,2024Q2,11143.0,31.141704116082007,0.79,620978000.0,765.0,1945.0,0.17454904424302253,5.4357546895611115,-0.040000000000000036,144918000.0,0.0
ndia_service_area,North East Melbourne,North East Melbourne,VIC,Major Cities of Australia,2026Q1,19902.0,27.63483472141609,0.76,1268216000.0,1183.0,North East Melbourne,VIC,Major Cities of Australia,2024Q2,16948.0,23.533070990782832,0.79,1053654000.0,1183.0,2954.0,0.17429785225395328,4.101763730633259,-0.030000000000000027,214562000.0,0.0
ndia_service_area,Southern NSW,Southern NSW,NSW,Inner Regional Australia,2026Q1,6294.0,27.52401901405064,0.68,298682000.0,372.0,Southern NSW,NSW,Inner Regional Australia,2024Q2,5380.0,23.52704516930289,0.72,252231000.0,372.0,914.0,0.1698884758364312,3.9969738447477496,-0.039999999999999925,46451000.0,0.0
ndia_service_area,Barwon,Barwon,VIC,Inner Regional Australia,2026Q1,13930.0,38.60404663524026,0.71,801562000.0,567.0,Barwon,VIC,Inner Regional Australia,2024Q2,11912.0,33.01158675656726,0.74,682032000.0,567.0,2018.0,0.16940899932840833,5.592459878672997,-0.030000000000000027,119530000.0,0.0
ndia_service_area,Central North Metro,Central North Metro,WA,Major Cities of Australia,2026Q1,7569.0,16.973858598271892,0.73,557808000.0,629.0,Central North Metro,WA,Major Cities of Australia,2024Q2,6481.0,14.533964536319212,0.76,470609000.0,629.0,1088.0,0.16787532788149978,2.43989406195268,-0.030000000000000027,87199000.0,0.0
ndia_service_area,Mallee,Mallee,VIC,Outer Regional Australia,2026Q1,3604.0,38.15008097894548,0.7,172525000.0,152.0,Mallee,VIC,Outer Regional Australia,2024Q2,3086.0,32.66680074945221,0.69,134430000.0,152.0,518.0,0.1678548282566429,5.483280229493275,0.010000000000000009,38095000.0,0.0
ndia_service_area,South East Metro,South East Metro,WA,Major Cities of Australia,2026Q1,7632.0,22.118084838157174,0.75,602638000.0,680.0,South East Metro,WA,Major Cities of Australia,2024Q2,6545.0,18.96788066899092,0.76,476820000.0,680.0,1087.0,0.16608097784568374,3.150204169166255,-0.010000000000000009,125818000.0,0.0
ndia_service_area,Western Sydney,Western Sydney,NSW,Major Cities of Australia,2026Q1,28067.0,23.234656202917265,0.8,1984685000.0,1948.0,Western Sydney,NSW,Major Cities of Australia,2024Q2,24077.0,19.93162138446001,0.83,1590546000.0,1948.0,3990.0,0.16571832038875275,3.303034818457256,-0.029999999999999916,394139000.0,0.0
ndia_service_area,Limestone Coast,Limestone Coast,SA,Outer Regional Australia,2026Q1,2135.0,30.62380767961903,0.68,116844000.0,126.0,Limestone Coast,SA,Outer Regional Australia,2024Q2,1833.0,26.29200912259564,0.72,91914000.0,126.0,302.0,0.16475722858701583,4.33179855702339,-0.039999999999999925,24930000.0,0.0
ndia_service_area,Katherine,Katherine,NT,Remote Australia,2026Q1,404.0,35.809253678425804,0.71,48643000.0,76.0,Katherine,NT,Remote Australia,2024Q2,347.0,30.756957986172665,0.79,36200000.0,76.0,57.0,0.1642651296829971,5.052295692253139,-0.08000000000000007,12443000.0,0.0
ndia_service_area,Northern Adelaide,Northern Adelaide,SA,Major Cities of Australia,2026Q1,22444.0,43.58472942085752,0.76,1523746000.0,757.0,Northern Adelaide,SA,Major Cities of Australia,2024Q2,19312.0,37.50259733450368,0.8,1210514000.0,757.0,3132.0,0.16217895608947805,6.0821320863538375,-0.040000000000000036,313232000.0,0.0
ndia_service_area,Illawarra Shoalhaven,Illawarra Shoalhaven,NSW,Inner Regional Australia,2026Q1,13220.0,29.879149913323342,0.75,877630000.0,592.0,Illawarra Shoalhaven,NSW,Inner Regional Australia,2024Q2,11389.0,25.740819845903143,0.79,735961000.0,592.0,1831.0,0.16076916322767582,4.138330067420199,-0.040000000000000036,141669000.0,0.0
ndia_service_area,Hume Moreland,Hume Moreland,VIC,Major Cities of Australia,2026Q1,14604.0,52.36567043763559,0.78,867143000.0,1039.0,Hume Moreland,VIC,Major Cities of Australia,2024Q2,12587.0,45.13329867149542,0.81,674929000.0,1039.0,2017.0,0.16024469690950982,7.232371766140176,-0.030000000000000027,192214000.0,0.0
ndia_service_area,TAS North,TAS North,TAS,Outer Regional Australia,2026Q1,4724.0,30.20595550951769,0.71,309040000.0,218.0,TAS North,TAS,Outer Regional Australia,2024Q2,4076.0,26.06254755647631,0.73,264331000.0,218.0,648.0,0.1589793915603533,4.143407953041379,-0.020000000000000018,44709000.0,0.0
ndia_service_area,South Eastern Sydney,South Eastern Sydney,NSW,Major Cities of Australia,2026Q1,15485.0,17.838567016449268,0.77,1083109000.0,1143.0,South Eastern Sydney,NSW,Major Cities of Australia,2024Q2,13413.0,15.45164348670546,0.81,916251000.0,1143.0,2072.0,0.15447699992544547,2.3869235297438074,-0.040000000000000036,166858000.0,0.0
ndia_service_area,ACT,ACT,ACT,Inner Regional Australia,2026Q1,12596.0,25.99096217733116,0.72,692690000.0,494.0,ACT,ACT,Inner Regional Australia,2024Q2,10927.0,22.547097785939787,0.76,587257000.0,494.0,1669.0,0.15274091699460052,3.4438643913913722,-0.040000000000000036,105433000.0,0.0
ndia_service_area,Mid North Coast,Mid North Coast,NSW,Outer Regional Australia,2026Q1,9428.0,39.107999137201546,0.73,557588000.0,387.0,Mid North Coast,NSW,Outer Regional Australia,2024Q2,8202.0,34.022465944349506,0.76,457908000.0,387.0,1226.0,0.14947573762496952,5.08553319285204,-0.030000000000000027,99680000.0,0.0
ndia_service_area,East Arnhem,East Arnhem,NT,Very Remote Australia,2026Q1,279.0,,0.59,15550000.0,30.0,East Arnhem,NT,Very Remote Australia,2024Q2,243.0,,0.6,13025000.0,30.0,36.0,0.14814814814814814,,-0.010000000000000009,2525000.0,0.0
ndia_service_area,Brisbane,Brisbane,QLD,Major Cities of Australia,2026Q1,30156.0,21.926836379817946,0.73,1955428000.0,1368.0,Brisbane,QLD,Major Cities of Australia,2024Q2,26273.0,19.10345444379085,0.78,1639185000.0,1368.0,3883.0,0.14779431355383854,2.823381936027097,-0.050000000000000044,316243000.0,0.0
ndia_service_area,Eastern Adelaide,Eastern Adelaide,SA,Major Cities of Australia,2026Q1,5487.0,21.863693597488087,0.75,402695000.0,392.0,Eastern Adelaide,SA,Major Cities of Australia,2024Q2,4797.0,19.114295277410307,0.79,334360000.0,392.0,690.0,0.1438398999374609,2.7493983200777805,-0.040000000000000036,68335000.0,0.0
ndia_service_area,North Sydney,North Sydney,NSW,Major Cities of Australia,2026Q1,15116.0,16.09710228730921,0.78,1089012000.0,983.0,North Sydney,NSW,Major Cities of Australia,2024Q2,13216.0,14.073783000071348,0.81,931810000.0,983.0,1900.0,0.14376513317191283,2.023319287237861,-0.030000000000000027,157202000.0,0.0
ndia_service_area,Townsville,Townsville,QLD,Very Remote Australia,2026Q1,9191.0,32.76181649675625,0.71,577391000.0,462.0,Townsville,QLD,Very Remote Australia,2024Q2,8046.0,28.68040208169958,0.75,491616000.0,462.0,1145.0,0.1423067362664678,4.081414415056674,-0.040000000000000036,85775000.0,0.0
ndia_service_area,Rockhampton,Rockhampton,QLD,Very Remote Australia,2026Q1,8952.0,35.15951785272435,0.67,438005000.0,394.0,Rockhampton,QLD,Very Remote Australia,2024Q2,7843.0,30.80385372195231,0.71,367282000.0,394.0,1109.0,0.14139997449955374,4.355664130772038,-0.039999999999999925,70723000.0,0.0
ndia_service_area,Western Adelaide,Western Adelaide,SA,Major Cities of Australia,2026Q1,5604.0,28.39078363426348,0.73,366530000.0,409.0,Western Adelaide,SA,Major Cities of Australia,2024Q2,4919.0,24.92046122357996,0.78,313223000.0,409.0,685.0,0.139255946330555,3.470322410683522,-0.050000000000000044,53307000.0,0.0
ndia_service_area,Central Australia,Central Australia,NT,Very Remote Australia,2026Q1,1175.0,27.960878566499296,0.79,193428000.0,133.0,Central Australia,NT,Very Remote Australia,2024Q2,1032.0,24.557980153725342,0.81,157958000.0,133.0,143.0,0.1385658914728682,3.402898412773954,-0.020000000000000018,35470000.0,0.0
ndia_service_area,Western District,Western District,VIC,Outer Regional Australia,2026Q1,5323.0,34.60290838647607,0.69,279150000.0,241.0,Western District,VIC,Outer Regional Australia,2024Q2,4678.0,30.40999538454537,0.71,234790000.0,241.0,645.0,0.13787943565626337,4.192913001930698,-0.020000000000000018,44360000.0,0.0
ndia_service_area,Inner East Melbourne,Inner East Melbourne,VIC,Major Cities of Australia,2026Q1,13571.0,19.15179466047231,0.74,910842000.0,874.0,Inner East Melbourne,VIC,Major Cities of Australia,2024Q2,11941.0,16.85149068165204,0.77,794232000.0,874.0,1630.0,0.13650448036177876,2.300303978820267,-0.030000000000000027,116610000.0,0.0
ndia_service_area,Sydney,Sydney,NSW,Major Cities of Australia,2026Q1,8677.0,13.9713199089296,0.76,620211000.0,1038.0,Sydney,NSW,Major Cities of Australia,2024Q2,7640.0,12.30158857948855,0.78,496976000.0,1038.0,1037.0,0.13573298429319372,1.6697313294410492,-0.020000000000000018,123235000.0,0.0
ndia_service_area,Hunter New England,Hunter New England,NSW,Outer Regional Australia,2026Q1,37264.0,36.76702018811722,0.75,2348547000.0,1357.0,Hunter New England,NSW,Outer Regional Australia,2024Q2,32828.0,32.39018191110756,0.78,1983233000.0,1357.0,4436.0,0.13512854879980504,4.376838277009661,-0.030000000000000027,365314000.0,0.0
ndia_service_area,Yorke and Mid North,Yorke and Mid North,SA,Outer Regional Australia,2026Q1,2438.0,30.501688977855625,0.66,110272000.0,161.0,Yorke and Mid North,SA,Outer Regional Australia,2024Q2,2149.0,26.886025272113105,0.68,92776000.0,161.0,289.0,0.13448115402512797,3.61566370574252,-0.020000000000000018,17496000.0,0.0
ndia_service_area,Cairns,Cairns,QLD,Very Remote Australia,2026Q1,7997.0,26.19030464200798,0.72,586006000.0,351.0,Cairns,QLD,Very Remote Australia,2024Q2,7053.0,23.098689338512223,0.75,480947000.0,351.0,944.0,0.1338437544307387,3.0916153034957574,-0.030000000000000027,105059000.0,0.0
ndia_service_area,Murrumbidgee,Murrumbidgee,NSW,Outer Regional Australia,2026Q1,9824.0,31.58608848863268,0.71,565803000.0,427.0,Murrumbidgee,NSW,Outer Regional Australia,2024Q2,8687.0,27.93041029120033,0.75,481055000.0,427.0,1137.0,0.13088523080465062,3.655678197432348,-0.040000000000000036,84748000.0,0.0
ndia_service_area,Toowoomba,Toowoomba,QLD,Very Remote Australia,2026Q1,9515.0,32.28214219070722,0.72,674493000.0,548.0,Toowoomba,QLD,Very Remote Australia,2024Q2,8500.0,28.83848750614938,0.76,545870000.0,548.0,1015.0,0.11941176470588236,3.4436546845578384,-0.040000000000000036,128623000.0,0.0
ndia_service_area,Western NSW,Western NSW,NSW,Outer Regional Australia,2026Q1,9091.0,31.41120658975396,0.68,574700000.0,519.0,Western NSW,NSW,Outer Regional Australia,2024Q2,8124.0,28.07002995656816,0.7,478451000.0,519.0,967.0,0.11903003446578041,3.3411766331857997,-0.019999999999999907,96249000.0,0.0
ndia_service_area,Eyre and Western,Eyre and Western,SA,Very Remote Australia,2026Q1,1925.0,32.8515111695138,0.6,100442000.0,128.0,Eyre and Western,SA,Very Remote Australia,2024Q2,1724.0,29.42130143181392,0.67,87387000.0,128.0,201.0,0.11658932714617169,3.4302097376998795,-0.07000000000000006,13055000.0,0.0
ndia_service_area,Mackay,Mackay,QLD,Remote Australia,2026Q1,4825.0,24.89513087357401,0.7,271441000.0,265.0,Mackay,QLD,Remote Australia,2024Q2,4335.0,22.36692069159448,0.73,219726000.0,265.0,490.0,0.11303344867358708,2.5282101819795315,-0.030000000000000027,51715000.0,0.0
ndia_service_area,Darwin Urban,Darwin Urban,NT,Outer Regional Australia,2026Q1,3910.0,24.40760068915578,0.75,354828000.0,266.0,Darwin Urban,NT,Outer Regional Australia,2024Q2,3516.0,21.94811356088791,0.79,304971000.0,266.0,394.0,0.11205915813424346,2.4594871282678703,-0.040000000000000036,49857000.0,0.0
ndia_service_area,Far West,Far West,NSW,Remote Australia,2026Q1,1021.0,34.593752117639085,0.65,59979000.0,98.0,Far West,NSW,Remote Australia,2024Q2,920.0,31.1716473537982,0.67,45007000.0,98.0,101.0,0.10978260869565218,3.422104763840885,-0.020000000000000018,14972000.0,0.0
ndia_service_area,Maryborough,Maryborough,QLD,Outer Regional Australia,2026Q1,6149.0,36.19486008264366,0.73,395340000.0,368.0,Maryborough,QLD,Outer Regional Australia,2024Q2,5564.0,32.7513744511025,0.77,329758000.0,368.0,585.0,0.10514018691588785,3.443485631541158,-0.040000000000000036,65582000.0,0.0
ndia_service_area,Bundaberg,Bundaberg,QLD,Inner Regional Australia,2026Q1,4189.0,39.04116610902449,0.72,269179000.0,253.0,Bundaberg,QLD,Inner Regional Australia,2024Q2,3836.0,35.751232560090216,0.78,228847000.0,253.0,353.0,0.09202294056308655,3.289933548934272,-0.06000000000000005,40332000.0,0.0
